stitch-01.png	https://lh3.googleusercontent.com/aida-public/AB6AXuA-M5pTndnW3Cf2-a7Z_3q8ZnT2eRQz7jV_pSAFvzGoACK0rQUB8QgOTZnKjfeYMgneRtoC_KYA5aeRUH0dqjwTNH2vH393XD8ls-AFSt8D0lQRlSx68lKOb9neHCLS7POpq3FB5bJllLhYy7pFk7o7QtQ0AbllIkxFFoLFACwEzqL0OxMv-2wpv-lug9-QVC9q4ocKkRMwViSvzpfwSn9XTxgdaMX--g_KV6tOlHIavL5gxgwnAQcg3XGgSg2_nCy-kFJcjXZHHp8L
stitch-02.png	https://lh3.googleusercontent.com/aida-public/AB6AXuA3kzuL-zAY2PJDjhRxkK2nbsF9JShayVwohKc6ZJZALyi1JL4xnoLMxyJ7cGUJQjjRv9s7DFMOFgCe5zUZA9eUZC_U094SCVTmua6pXi6khxCve-vt7ym3m8A7YxHZeMmblteoZ7-CWOpYYCnb0dETcKiyd3665Knm8Ub9rC9g4g2SlQ0MDVbUlYbGUx2mLHm92H_nhiRTWGvLOGmSco1mlhgYOtvC84rTJKLBYUk9YnSJsbRbt5B6fTGNk9KK0a9wc4zC50MG0-zF
stitch-03.png	https://lh3.googleusercontent.com/aida-public/AB6AXuA4PTywdr_e9T5S3c6RbdTF0WFEXeFWoU6Z31pbOqdCfbLBk7DkpEkx3cALmVcKMUcdT3zqdgMFHyxoPT52uOVwQgSA7ZJ9kfPQVdhLXCazzmXZd_gEslnjWC25vBZR9uhGD8N9Di482gaOCjoiji4CCO1AtV97tFfaL98sOzF9M0PWuUbxjz9QSDXF2PELp4TTPS4v0u4EbEnSjjn6PRnZ23pLRZnS4305jZnYzM-0GhjwtjwkyBvpP4_VjkbYNG1FCG69-yPpu5Wh
stitch-04.png	https://lh3.googleusercontent.com/aida-public/AB6AXuA6RX5hL6N4JzPSMSoLBlzi2SKwoKONfSuqh2EForSZk2BNvtsqxaaf7VuT3yoWZqcOb4a50QQw0vQWnHRbL3PS3QTTHV0C_LQzyR8eDsm8KLs-RIPEdWAHh2lqnqi7qB16FMXm6mXbevJbgifF6E4h1nAJN9fIJSTMTm33UM6FYWPHIudRzIykz4JaOB3sa8pcE675KUPN_ouEUXVtae5YyADwSOjID3Eg2mPhbjDSjgAltxEDVE7l9QSM2CyhxIYfr4DnxWylDeiQ
stitch-05.png	https://lh3.googleusercontent.com/aida-public/AB6AXuA8LHvcxI26z_2nbSrPLh4BB0Fa7RNeA32BiloF5AHZRCLO2eMSgX07VvabvxG8xce8EDF3h333TlFGW6mILuyOIhAqC-P-65wzEuG0khcdRY2ALhwOFurJ4RJT2rJS9XRjz6jjN8vRSM1IbAUpH4iD3gcSDD-BgRWeikOnddHcjmpdhU0bCf8Qfz0RFJ1NjjRUPV-RV06Ip--lS9F1mF-dZFGaYG79oDV24EjpeDBMKR4Py18UDh7_AebAMyOUFHjZTdrOTB8hZfwW
stitch-06.png	https://lh3.googleusercontent.com/aida-public/AB6AXuAa3Bbb7wOCKtirhWLDVXztoD1vEDtq5Vs11oqwBSxjiw42AOS66CPed73T7KA4qSFBShzHTXjQRhFKraHIdE8mIKvj3tJ5MTFrrkDM8j4sYy3_7au5BMf-ODnqRiBmFsewdwuu0WNDoWo3ihf9At45GmMePkziH9G7otX8n4bH-cOp1Znxq9qthrLbkLtrly1De4Kmv7Qd0qqIs45qT6RnbkwHz-w9rwQUF4Rq8PyAPbAZ39vADMwI13X1659uLskl2KpFNKBX6pTA
stitch-07.png	https://lh3.googleusercontent.com/aida-public/AB6AXuAab7b9fwdaiGgfmKA9QVKfW7TedCbDzhpBe13ICeXxQ8qwRtkz6CqTvr2e_zG9XJoyUnNQbcmlb7XtUTCLlyMZRxDT8BnnlM1awdRrFzGN1jtRsDtFzUMu_GGp-HtlGKxVANPN_EfU30fO0o59Jgl091GUalNynDNX5dDcI49-z84SlC-2_TUvnw89BDuvaEhNxhjp3Sty9C25wuEf06VoYSnZJxNidI_N-IE2evTG5-8Yn7TDaL2GHiHl_yRJDYeKQssX3-0q7zVW
stitch-08.png	https://lh3.googleusercontent.com/aida-public/AB6AXuABKCPitjnQkWorhofSfV2n_mubzJ5O_Q2wTmS6oIcsDtblVkVA8FQ_MEu-csOP7q5M1oLeOuPMgdTZoRBhBFt6lG8QxQQBclrmehMRJKKVLpqLvppvl6oniI1rcrMDGV5wLRpGEy_167KHm1j3-SRFGg-yd0nQCYxHMpw8tzXmT213n_vUs5BxxaYecvSBEvGaVB_cdKXcTRC5seONTIxwP434ZbjdOCmohgwYmGe7YpA8yNKoSk22S82VcnX0tyxb8iMSuv0Xx9CZ
stitch-09.png	https://lh3.googleusercontent.com/aida-public/AB6AXuAeUvXEOcGm76yX8VkLbooCHRJ_j_8fMoBE_S5heWJl0wPeiDRe4sPc04sdG1sZJflFz-NZaq7ZFKCXlbgxaF-LrHz5IZ48mWlA1mlCuBpgQOB02ykYIDEdp10-nCk1L1cWIi_Iu4Rzp8zmo-Estp9pqjEKQRgoYMZza-YD-u_JPfEs3EoOP5hakDuA_skLVYMvcThvkuQRlVYTLjG6sIgwUHvn4jqzXkfYA87iy1Dncdh0gDX8jn_ejEV_vbjxc32yA6fSf_VMgZfs
stitch-10.png	https://lh3.googleusercontent.com/aida-public/AB6AXuAGcywM0N1xs2eoiZBN_ZbrSzOGUav2YVQ1znObFpErbRZ7fMeHNHOD17momNFK2XdhzKzVc4-CGBNgbHV0I9Yw053vmiJPZEm7YJcBk00_5iAkjrwmK0eNm-Ooah6gsVvSSwdpAKJqZvBRn8DDATwXaOTgavLtXeZKwkXWfpCe4E9NdPOolUBXg6Z3-EzvZi6tBwFFFnhsELOnVdlt1CLY7UejVX4znsjVYfnLLRnIESy5hPsJMArQi06zzggZV-qJkFyom5Kw8F-T');
stitch-11.png	https://lh3.googleusercontent.com/aida-public/AB6AXuAHrvfMNf2TO7prvjKgi5ApEVCwfKrg6NpMbY7sADTbXKMs03AxzY_vULnrE0ToQmSJyi6gwPgUA1ZVwSMEpI8BBJni0oSfXQJXjhT2rARK_bhJX45qBjv6mLS9SIeiIstldl9z7xrp7Y0I2dwFzAqROImtKJELFPOZ_34Nr3VsFgxizEnxDuGb2gyjJNFDGRiEI-ZlK4c6epd8Vs2DuB9JY_UHd2ivEiAM34PLh7xXufRuCEvdqRNK4uWDo5yBqatEX6EtAW3_Wcs3
stitch-12.png	https://lh3.googleusercontent.com/aida-public/AB6AXuAivi5XRhfUxn0gEfWMZhACvp-y6zPFe8Dtk7gh1sG3M-i5KEUzDQx0pXkGuPdyp3WTLxEmA0_hFMhozJxDHqWzPYGYUFbUFiDh2JKsVqYjlJqnPnKIhzoczvAplWI83oUTquIG6LQ0k-frmXJUpHzZdfD5MTXzvwgwEv_DxHb4n6WdFwc6rcF0vLoz0CPsFRjiqn7OzqaOHj3vUAMOuLVY91vdCNhZ8RTb1olIbV75bSFdbrDhS9sTumbkxP3QH0Nx_OC8KXpC4cMX
stitch-13.png	https://lh3.googleusercontent.com/aida-public/AB6AXuAm2WkgJNgeFKlpWAwQtfYh7dFe7YHnlBTRSyCt8m5EWIzLZqX7Zf-0aQWMK9nwDWUlUmttTKg5FDxcHs5VYUaUYINxU9tKQkdPfCpQSOQT82ajgJ7HEhcp7hpX5Q6rQS39TKmDS5H8NLM5akwnnoMBJ_5ri5T-1Gqq0ua39d5j5bMBTq3Gw8tSCUw_DgZujEq90r1WC01N5aumXwAPczd65ck8R5HBx9qPQym1nGCq1W6G7o036o9u6QfcCMW-cxo44cGaAv1eMpm_
stitch-14.png	https://lh3.googleusercontent.com/aida-public/AB6AXuAn35fuWpbgYePsPzBsmM4_u96ZBVoQxhkx6zR320CF4oqt4MjpHVdnzy8ToX8Zsn3xG1o3FOMaW4HLZV2KVDjqrovwcWwNCLg8pNZDq8QVUlcUBohwwmIM0KXHanHeNbsFcfMsxNyQHFGcwmsbkI9VKVFZO44E3Sda6O4Fk0n4DOfpezHD-T8AqhiW_bIc1D3gAehPFhOf0w0Vy99h2pgMfM9_Sxu0NrZVnZRTztpOmSXEtwka6uO5ZiABuT8yXtnEW5XtfSoUE1Wq
stitch-15.png	https://lh3.googleusercontent.com/aida-public/AB6AXuASMvNIltQZNhTGNmtVg1JXeaiBoQt6m-YEWLl7pcnxpefQCIasPIeD9I7V-U1xyY8Evyih0AS6k6Y1BYUfU8Z_H_5GCScATXiZdeHZzsdVJTPXmTu-nYro8BFwOG3VTZg7TbHE6-IGPshJXRcm3137h4_Ph5oN6E16SXjyDw8sGP2gAnkH4B5o4YAShbWJvevDsQzpKekJKz_RK8QrbboY0IVGHHpFn3vwOn0OdEvb6C2HkEycuJ0FgTV0AXqFalskj5i8V3PcWl10
stitch-16.png	https://lh3.googleusercontent.com/aida-public/AB6AXuATZVGtd-yJL9hPJ091lOXDeGPEBnqpb2s9KlXwKHxsyR18qj2INp-A9XVwGbxSzWIoaq-_Lae2Krn7Z6nlKj2ZCNDIab3NVcG_Nq7t91ZYPnGmT_l8pdrJkrE-ef_hYp-RHoU7tYswKUZ7x4YeFpVB501X7DKPKXi4HPOxirFPA5iZioX7Etr_w0t_Cd4KyVP7lx8VDfCROA_OKq3uZIcIkNYUw9PwKYqqfizZjzaGK-D8fUS2voKPM652TvtqpWn6_Ft2R9xDHOR0
stitch-17.png	https://lh3.googleusercontent.com/aida-public/AB6AXuB04qojpSCP698pDnQz4AeIZUHJe2D-PfSDC6Ul9kPVE09TkVgiz-fNkUUXqUPHtlI3elDgk9nYFYcpbdBcPqTzOtJAb-Rl0yd0HULMIFEivBuYyU8-LqAf2JTzQbCe36xGiILioU1owV1YQNmWSq51i0j3It9YNTr09n_jk1KUOoPGF2DiRec1FAIQFYkIxNYBES3QoQD9tsKfvp2WrSkiHTmcGSG_411FIKiLm9xM9tXL1gJOq0CSzqtDpajkFOXm1fZLY5mEy_4c
stitch-18.png	https://lh3.googleusercontent.com/aida-public/AB6AXuB2-S-wxy1lpMLimYB2NOeuqraKfJM0ZHFCzBIBUiSB61JA7Cuevde-p46B0TWG8MugvevY2E4V8W_Yo_FUN9fk4t0CKQeoGJBqBSRZonEAsz1oeK5hSIjBCwqYYvjlHoVGH5EhzNUCG8GjFYir7xtthqw5Opi35ohA4SljfMc6jx_wzbVJH3G0iywPr8ZmhaiRE-XuMn4muzDqOdQnd1WK_hnRFpnUgCGHK9_tv64ssko9QlkADuCkfUrM6VsjPlCrYzk0IEdM4hvD
stitch-19.png	https://lh3.googleusercontent.com/aida-public/AB6AXuB6s4R_fCh8H-ujAm6-GJSRtTACtFoT-Cz2D9uc8k0uPwudpHiXKXrwv2o9tkWDtL3fPwXIACyUMeZbol0eZcYYapC6sgJk3L-BmGuamhjtk_cThx6Xe80_V90SS_OIFlrXG3wkAxyr9-RvOKTmZ870G17exwOmj8uXYq43wW7QgQ4dn4km00l25RYPaBcWGLJnp2Egk7lDdIiIfreEnJvsrActqtnjn6OW0B_lqmYAjzVjTcfhdxToREs2K53x7Ge0ZyQgXyY0sV6k
stitch-20.png	https://lh3.googleusercontent.com/aida-public/AB6AXuBAiosugxSF2bdvUiXdCeI5M18IrXY2m4fj-0gBKAAlorSXkp5YykH_4OTwl9q5jfyARckbaU6OS-MXvsqAnN7dWXISzDpCDOny8QUfh-_0rImAPAgIPoPBuP-21Abl6_DP-jhvhx9sDwf46UVbSHgYzcOPirvySXuOcOVSqKvhkcHZiKCIsHvmaw_-cFESQH0XJjTMf69-HI29DkAsjNwge3-BAyPu4V2nbedoPa9mdFFK16GsdsJ9Uz_tUs1GqOKjZayHFZ2iCNM9
stitch-21.png	https://lh3.googleusercontent.com/aida-public/AB6AXuBBoOrQrP8NWrwwihmi8yla-fgAyDrKbttQcDH1HCw56RGasOq-HaGY8p_-bUX6hsTtgiNw6hxxMtDCSILki3GHR4Qj8j6zFsHNbc6btiQQ88dHN0UsgZLMp0_oYydfKnvUKF4dpZDCjQwOBDLmrLmNwRJV5Sd31_C6Z6fZbmorZ0wYtVEVrveGw-A3Q91rW82QpCKWtZcpEEeoI5sz4PGGi83-QyI8K0riOOqzshduhNR4nEiPfQsCaRVR6CPNX9hiFT7K9TqVT1HR
stitch-22.png	https://lh3.googleusercontent.com/aida-public/AB6AXuBdqexM26CvNzt6EaSaQwGGXQx_qdz0LmwdSmmn8SK4DTsjpfGwH6U7atsT-bFyQH6AEi-ofYUUPwbd_TX-g6LN3zEMBcb8rgG1ljqP9o3u4HbBLabh8iNeq-qGe_4vScHIuC-OZFWnheYJdWgktW41Aa4CqCxyROAcl8qNfSsyZnwsUiDJ1ZN0MrCvCOubYCTYwKrNaEBiAnikWZxTwQkI9R1u5-j6-DGKq3QIVaqMToaTG6cc-e9k6dPZgzU-2LCuk5_KECOT1qD5
stitch-23.png	https://lh3.googleusercontent.com/aida-public/AB6AXuBeefrLgkBIkP-OiSjXr_8Aga9FPvf8uwx9J_Jrs4MlX5AzzxT3yUVvO1qFmhPzRPH5VyVGOm3ksVVDzjLAepSiTr9BoU8_62jlgbKsLMK1wHhmsU_gVZzUyeaEsj0DmFpEh2oDBxnSL8U5xLaYKudIVvKjEc9QSquoE-YX-MAJ4NAYw6vxO7xGm2NVSM6tmUM3PA11Hf07jEABD01LKY9LEhipFIJPpigs8ssBrcT1NVMiYoqCxYDlC4iXnUsvw1LcTyCpXyoql9-e
stitch-24.png	https://lh3.googleusercontent.com/aida-public/AB6AXuBJvH0AZPOLXK_5MbBg-dp92HTKTg27r0WdR55w5vrNAH8GZshoD2uvSVcwaNVFKyc7Gdh1fhuZqbp5B0LO6GtVXDNhH5wQ09zPlRJFxuPQxSVC1XZIEH_H4679bQotwLvDhYEJf7ad4rpx-ckdxKQAc6Qp6u_N4Dr_EsmDURDncCm3CZ5kZoT7XQlMeXkjfF2DwAKRCOWeK2i7GWkzX0pH3utvCkI93Hp8XyfM2zgeoS27wDjlomYeAeYmJ8T8ZtCvq8cj6k7cmVma
stitch-25.png	https://lh3.googleusercontent.com/aida-public/AB6AXuBK4zm7YhjIw2qa2BE-WaibCGIrklvgU__341oxa6XriOJPMbQo79uh8Z00iED3I4XPQoB8g1rwAfV-RwK74j5TNUCQ1N4Lq8YNIkphia8MrwG2MvLV5jvVsFj2QWhtowRtc8iPhIF0HYyqISOgPwXgnfQ92vHj4U2JBB1q5PZfWKQ8MMRY6YMIQsNMoozJf_u_vRjy0hqrc0TRBJRubaC1tq0DVAvdkK0LIeTCBT4kjjfd45f4zYr_gF4LxjpHmSjA3Nxez6KT27IL
stitch-26.png	https://lh3.googleusercontent.com/aida-public/AB6AXuBMbPcSOAJm5w9UGg1BIbpZ2d_1lb3v9cPax1kp_z3OsRYVOcCX6zkXrpPm5DByWDf2yk0RDHTP128DrM8etB-aUwkIWTrjXzJAa1HXUzAGpQDO10zkgZaBZpC9l_OZRIf4RttcSO2g3suzFvL0KvzKXVBX7DA5fWrcXZKJqXv6PN4YmZ8RJ_3sg0kEpgWLAy6nz4j77h5ne84rOFVivyVPJCTVNvgRbUoldC21CJ-6dI_PabES1wJTqdbZ9xki-9OBC5meJKuqoFlK
stitch-27.png	https://lh3.googleusercontent.com/aida-public/AB6AXuBrACLhWozlLonsHiDHd19fW5Sf0HQhwSYNdpdB3_81zX341W6vqfs4aBQRoldjcc2l3lDCWHVNqbD0QV6s2Fxxi5OhqFav3X8KiZbBLkdTtk7DC7nxV-w1-qMrHEo-GoLKbjxtzFCRB9Z3cHpwFZTASoQoOoS8rmjGiEuE_WIx4ioEvHrwnmbGKe7oL0Sez03k2VWPN7IZGjfXdM1J7Vf-aMLNxlsnF6SgxrSsRMfoeQwXa3lljWJRSFYG7fsffxRKzWpYNZlF7rRl
stitch-28.png	https://lh3.googleusercontent.com/aida-public/AB6AXuBWcdY4jTDmVzE6Yam2maIzC4ijYF9tiTCr9MKTYQjzLzpjCb0ol87W3zxeOR5kgsYjtf6UdZdIcqAD90t6d-iGvwvogqUzsLQ_1LpUnJ9P3LgKvkvla9_zytjWdgZaKVzUZVGVwJIsu1DfmNUONIjdgJSUWxvVB4Y0jsnFDRvE95ygqBZx3AB55pSPN8WEecnJpA_vK-iWupZ6Hc88yodQyMKhW4CfPYT-PwZ_ZH1stH5b42IIm9HiZWHcboK329nPUdzYxQxZsnEQ
stitch-29.png	https://lh3.googleusercontent.com/aida-public/AB6AXuC_FU3x9HXiRh-97g93GMyZTGUYNGWSGVCvQC_MtS7657FT7P6LjAdgDmOnEkDH7-ChjXkok3Wt3J0jnV7tT2B_QKUHc-kEmFxj3hrvt27yP7BQoKLMh6TNWj4lb2VtUOlT5oA86IHEUPqzhotwVQfiwUEy4qVY-gz6I5rpIThR2fNqzARX_YQIfzNxUM3EwTg2AaWjjxbUms8DiFx18kkhjMz0svQyTaQ6z2YYca8oYQWH7R26lcsIKZ-o2769szXNhQTwEnqo0B0K
stitch-30.png	https://lh3.googleusercontent.com/aida-public/AB6AXuCbWeE98t7LPdXsvsxfTict7qNixW9a3HQgGcpJZbnpglr0wopLyxAvG5dmVnx8jJTVT5EcBZ4Hne6lTnZUBswtPf6NeBtZO3ttyOUWg7ohMKn88zIxKZV6WCv4SC9dlVQbIHwzunqjj2NmJHkB-1QAesBIHatF8T2ThBwfMyDXrAwtJGlePG5YEvPSF2VT6IqVUYeXZUHtshv5IN2UqS-xgjKPljxyFMBJMVMfduTHOvcOoJd4MUUPTOWqqTjQUT6ApCwmdPUKa5Xl
stitch-31.png	https://lh3.googleusercontent.com/aida-public/AB6AXuCgkFrD1dAiXT2NHHEK0stKmEm7vh2Dcd7P4Zs_6vxfwUv60zqLUktDPQq5c6uvxVrAc1PcPyZ-E-dx77nMKkJkX8FPT0BDV6YJzip56-fiPKpdzIhDCNpNR66M94VEtnRQ0RZ_sZC74sN6liQ9_CZsEbVZ7wBXrIG3eVJ87CS_AkwdCoo-s5hAv67sHntMiB7docza9P0sbH9O0sYW085vCuepekKJSeSOBvuwxeqf90UC_iLxj3gWowmbFn4wk3-7HMl14qjs8ZjM
stitch-32.png	https://lh3.googleusercontent.com/aida-public/AB6AXuChiLDK-2MUVpf8REaOMnQmHiLThIkIuaoQWLwx7EgehgFwKnK14zsGIc-JJf8YAOJevYHjTf4gbWCkmc-FNf7-SHtMDWkSACbmatOEbRo-o8w3FIn9-yq4XfT_Vw4-Gfgq4PeSLrKogPf_Pko4HlX7XFvhLooruUWuqRzxWt4Y1Ce4wI3c0NO7ZxGy8LDo53DBuLCWedA4xc497xH9Sy1j1pWE2lkG1nRPNjar8v6JeCrLQRmZB__Y1r3NnqEW-v1CxL0FkbUIoXTK
stitch-33.png	https://lh3.googleusercontent.com/aida-public/AB6AXuCJSbHlruy1Fz6o8Cra_pOrFnvbNgD3o3E5nALULXy7ek7BJqEjkZBVTXKQoT6Wx4KQ4Q76kzVz_QXh-9oDeR1GAzzBbClO0WtpReZal4waAtbMNlG1RbIPxxCqgJjItW0oJ19u11sNhXh6TfbtrKjfx8mtoEifmCMl2c8H_LZ5gny_-wgA422bzPfdwsodlu05vZMulRtuSfZ-5cM1mYpmuYHTc18tQ39NO6MhnCStgZqtrvAB7xIan6Y8egl9oG7pUgmQy-dEkS6x
stitch-34.png	https://lh3.googleusercontent.com/aida-public/AB6AXuCJwzCp5OgEVGe0tWZSZgZRAQua05jFKxx5B_LoVe9YYYUGQpMpkGTpZ1zYopYQRKWrfdEDrq-Ggd0aEM5kkjnZe79ETIP7-8TnYgl0S4hKabd2Gy-xJmeL6o22RUMszk8uSGSc_HHikbcjnwxFDSrRxZMxq4sdGV1aOJTJ7KLc18QV1y16er9PTkrNJbLQrmfJExBA-6lQIfKqYLV9QDKR_Cliv-hBQquhQp8HDeV3PGN_BzFpykAc5H-UG6yF6bxK2MJSFY42nQSX
stitch-35.png	https://lh3.googleusercontent.com/aida-public/AB6AXuCk6WQcgBmYu_EuHWG2MVEq_uSsgR0184GVp8WbABRRgq-AyBSMcIimm0h-kaD9Wt4brzFUTIJgYAKP2zuQo93KX4wjjW2HL8Yp9HymHm0lN-parasbxASnxOcUilFUiQOPDOVfUMcAUMxeX3W0bQtmW5mpjdXum6ZOntNHwE3Pa6Ea-P7TlA1nGv_8cwwCMPK7Nw8oA59r1TqQ3VCn8yLyTNVFYMISQWZja9jk7wL5sPnoX3udM46uEphQQvJGZ8XvTb7HKVH9DBcJ
stitch-36.png	https://lh3.googleusercontent.com/aida-public/AB6AXuCKpN1E1uzznPYcZOO7z5LG6Y3TxLhdPFtyMoH5KfEjTj0GkJZQRAtf1HGdGpARpv8o_jijPwdW85cihjHExjtp46wPex2E79Z9DI-aDHM3mWOHX6g20jLCCCdJLwLP9EN_PiLAMW5BjEPg0ZHGhFgzVKiAv3UZ7akWLDK6d2tCXiNIzFVyB9ndU_bJj3hQg1tAknx9Wepvvo3I3ctAdToKX3U50MeLADzbGPRg31PzOewC8otW9X6o4nK_SejRI7FviM_3NztzLypT
stitch-37.png	https://lh3.googleusercontent.com/aida-public/AB6AXuCkv-C4QbbMyGRVgvJNA2gvKdpelmdE_FSXhZi9B2BkEyfZQvwzRJ1vyebvfQ-wiByNTdllzdEQRkcLTfCcASjbgzXNiPQiBaVkPpNvOelKGl2Bz6N_HcjkT0srwSOHmSdQXJB92vkji_1gQaQ2KrsNMzkB9E3gD7uU3MHvk5OOxFPwBMHQa9WvxphZ7Pq449254QrP9mB0-dGoUo6bZKDlpUATTOreU-xVZWq7YVwfr-TvoFcrOvSjUqtYzfokqYhS9LeSJYSA7bao
stitch-38.png	https://lh3.googleusercontent.com/aida-public/AB6AXuCZCmd6grWIXWIZo_6B2v6wxAOSHcuzf0_wSFeTK5Evnn3f1hjZxrFisHOZbAKa1x6Sgj-J0G7uFuQPmHu2ALuNZUwLp5mB5AHtcUmYmJVzqNA_Sn1CreCsrXcIia4G3KQiHFIF_rvMWscKNZnKw1XLuV60jnny2FHt4R-fEUqsD6kGTsNkn6lv3c9wLt61G2ac9-V7JnaSZ32YCd-0RBEeeFJhLBfoId_5u_aK_MSb29C7qVaYw9tDxiN9GpScLcr2AsBjhjFImj5m
stitch-39.png	https://lh3.googleusercontent.com/aida-public/AB6AXuD5dnNf5X-csxCPIql4a6gI5ne6wUe-xpKfR11JRKhHQl7tKU_DaHW5ob-M_Jo7fyV-7G8Qd0f4mGWnzKJEbeMCSycuS-jZmtEFqeGLyJ3h2B8njiYF4EBi_ETYK_hu7pmfXA4aeJ9BB9SIItbOegUx6Ce0U4MgfO0BFxf6LyMCLgGtzGOkFI7r8apVqij2lmybW8VRraGxBMRRhsldHZbPkF_kK8Xe6nsU0lrPa1w1zevYvGNTEmSf7gwrMAkBijvps24TdH2glN1S
stitch-40.png	https://lh3.googleusercontent.com/aida-public/AB6AXuD7GnCoZaJIk44vtgv-xJtgaYaummgBlM_8sGwA0TXYsYLbtNAaWBJXa_5UlHjEf9p0ekIRc1I7QpgpgeUWydUWs0xpBGclghtuLKgvOOjQU53L4S4aqjhfBCk1lKcH2ID-BvLSPtWEw1UCqmXuZGJ_fhyAZTrdDHKxRB1TN9AXQoAuMSDh07MOoXIU3vgLzJoh-FSICasM4Zr4Dtz0-UwH9lavrIVAIo9pp-OvTtaBrt6TH1OaPuFTzvv0k5oj1y77I59g2bmgEiyf
stitch-41.png	https://lh3.googleusercontent.com/aida-public/AB6AXuDCQbcUBW-kWIdNDIOof9ae0AuJ-f1_BegMnOlmDfpcC0eW5AC_vX_gZCKkuuWBw59cC0JaRIrg795ZM331Psbv0dJxxnerCq6Xf7OTyM42RISZ_dmO0phljuob8wEvBUKN4nl9_9ubRzowBvs77BsizY53nW-EbphxS3D2zq0DIxii4h3pw387qhc0rqVa3rrUhqDoW8uajZhH73kTZIQ8Xfew1sFs16Xqpfp3_nR3yi9vsL4CZQ6Cug7NfxZv24D6nR0zwuCxVgyk
stitch-42.png	https://lh3.googleusercontent.com/aida-public/AB6AXuDJEGfcyqyDAai5GPiNEUzSSFrKwBZQ8dBB0RHUgcekk05lQxLLtkpv_fD-o6WqJOI3rsbfvqcfwv2adogMpmiGPCi0_GmaRcQD2KWmq0Npkkl51Etrsaeer1Pepm5E6v1S_PBEam6KKpKWhwRXvBSdenxhwJiVi-VXITZkENTv2069X2orsOZ-pd-itbB1v0eT_KZLnPrUE37G6A2-VYQNfQ4vr3FUalVG8-it24gMAec9w9GANHFC6wSADQbSj51aDUKsQ9lTqG-v
stitch-43.png	https://lh3.googleusercontent.com/aida-public/AB6AXuDL4piH2Lm7Aza5YQXWecVd6Lge7DbP6n3Vpgn_eTxqXHX9WvGc7agQgSxedEwlwXP04CHxASXQve2Pfzfr0G6X9fl5r07yjHoRsIzHSdPy4Zr61hMd1dpex9g9yDuXC8LFOFjRbzo6omdaTracQxHgoY97T2oq0r1uVk-2nztQuy9Onn7C9jopLSM9-UzmFeNho8vce2m_Ojv-b1BMnygDpA5H5J4qWNq0hbxT-I3xYOeV7kesALrUjT3GqQ5eAgIr3RoK-MitE2iz
stitch-44.png	https://lh3.googleusercontent.com/aida-public/AB6AXuDNKwnDADFEmn7Pba4cYM1ysnLSVNeYCLI0ZErVXvMSSbpFs1CcCVnOF3iFcE-7i6uHkwtGz-PkN6ZG6Uz_VeBnKSq_ZP9AXmdXdiyplhrz8_5Numg9Vbaa-j8LQ-sVMUna6onzb_UYKKaQG3r52RAZ2XLFKXAlqZUkWMzDXv0bSnNhfWDFT0zAM1rRzpgL-Cc5kgz77Pf3GpC-QvP-YnnsRzpx4friQ1cMTRiQEBChV9MuIj6tctHCbhukP7QME1dz1GaKsstmMmM-
stitch-45.png	https://lh3.googleusercontent.com/aida-public/AB6AXuDugBZ-oTyy5RI8gpQgpe5PLjsTZNkOl0a335uq1D0iUV9lRtqPnRqJlrStQXxWgnFMGeTaZ29gdnWv18NI_kXj7gwD_BOpGcB38_wS2b7cY_iiGvg8V_xOAjitcRrS_ZdOD-hVUWrJrfoL3Ilqe99s0YDHqHkPkRaJDRDjam_epRjhFvhgaAaQT_5Z-Lfz20bDdPmcXIAAECAiHM_oqyIj3y8hHbhKSzSIKFKbyXsEcmfqEmNTUVrdmPfykSYkLLBQjpPE-No_dggU
stitch-46.png	https://lh3.googleusercontent.com/aida-public/AB6AXuDwevr2L6y1LhVGD5REPvZNUwEpd8O0_SG1_8To6XefSYOdYV6v2K4hXRb7_pYLw9wjLZPXgy-mUmOlghQ0zo4I7fscbGvfgCx8xQEmLLLdcskQjeM1YPTBb5hpGhJRHM1iRrq-2rfroiKn4qBt2v_CZrvYG9jQnR5zYM0sf2W1t4-HWmj_n9a5RU5dE4lhoL_yBxytVxjnuCj8T1YvfBX6dl6lL47laS7uiTSH8h4xIMc5a839914wFTWbe9a6HCqobOQayhFk9HGf
stitch-47.png	https://lh3.googleusercontent.com/aida/AP1WRLs3Mg1DYgw8uUrFK2LNg2PlpTmth8t_HJE_klMJ6k7SBIMdMs390An6JqUuS6voEQUc1DQPql7RVFH3PZ1FIqdY6VTYP8BENvHgP20jwX9tsLYPSIRz_XJnWwIUTRbAbndWCiUUD_fM-fh2BrVXpnYd5Bt_sr9a3FXX5q0pW21s-pHF-PWysa0KZ2M6Td2h4o6pM_7Js9BrVWKAp3JHWj6EOKXpDniHwc_4C2cJ4-cGWLv-1kLdkektpN2M
stitch-48.png	https://lh3.googleusercontent.com/aida/AP1WRLslF_RW2_2e_80XgL7Va1xB-59MGRzB5xavCL046TaefyefaquHGGVlBPsmF4OJ2UL4jyzHDPgbQ1yR0anzhQxtFWWIcwfuqQvxC6osi4zu8nMir1-RyWmD7X-jnhaTGD0u_m-p5xeobR8bcVi7n8bdi5LxqZ4_6l-EfsBreQjyeeC3EMsf-7JU0_5dhm3DjFvGquAcyfPMkYAh0ixTL0VPsKGyvW9H9DvszXjnF5iHbDr_Q3JdBanK6oRm
stitch-49.png	https://lh3.googleusercontent.com/aida/AP1WRLsLzgwo74_5GUG6VprrTFBScIRr_rGiLGC1SH2zhW8chZfLvQ-QBBJ27OMzAjArfypD3Oomms7lB10ytB9u3-eE6clATTfTRIYXexBOnpEQk6aWAC3_p12p-c3T_8ytbklqoGPBzWjbsSvnsD0ZRjvSqwLGwd6YVTwhwNpBaE0t0q874rN8jj0ILEpmOm7GpmFSliHS6YJpsxKjlt3krRsYMYV9pCl5u0IOEstLzGeayUv3s1nRBU5hk_o
stitch-50.png	https://lh3.googleusercontent.com/aida/AP1WRLsQj_EOCbq5g42gTkchT_Cht_Uoyd5n5jA4ag0Dq4PNtvYd08U62SUtbw6H8nwZxIkvqY2uDJJBGQXCgiMbTo0gIISUMhOkqoZhxdYYQa3a1hcToJDiRBTCo4Gdyn-TdN1bFRed5zf30BZ17N_rYGceYrgJ_ogO1gKZyTXZLWB8tXBQ_p42dbvJQZRmpIeivPl_RFbKfgEhhgsi3Qn8_uNqUdNS5-0CeJ9rajPo7jeb8htNlOQOU9yIVW00
stitch-51.png	https://lh3.googleusercontent.com/aida/AP1WRLsTmypRRHUln_EUE_FTMCsGsadKMOKoWE2Z1o_go8DEXYhyhT2TVBE5L6yUWAtRMeJdFSVRviIQAZhW3EuqhTRLJB6nU_vBnmfTQH8ThdWaF68GQmyjeO2uxRaGlx4DxcV16nZLRoigSB0cZmKtH0yF1V9_u2684WNFfKz0ybMnHmSE0x9xODM38C4wtbQHkhnvcwVITg5juWhqpWwAQg5USP9PYhIQH3vVvg0q2ieY27gSWgmYiJXAub9c
stitch-52.png	https://lh3.googleusercontent.com/aida/AP1WRLswvwOlVCaVoCjFtp6Ot-UKC5t6GpLzRTvc05TVwkXL5btmUdBUbKZFS-50IIEs97G4bK4sUrDjfpn8pvRgqlWUgw0HAu7zLVftivEnuFmJAH4Ke-xv2zcOtlL91sZSorVcKjjJGGYHO1hLjRtM8kwjTfZYujN_fYZ0Kguwt91aSov--1YRNMLy_YdxoHfbii1csXTrh1TuawKtaugYEACsQ8N-Whj0UDpelMQEvintaSU3Ihv3CeFxyhw8
stitch-53.png	https://lh3.googleusercontent.com/aida/AP1WRLsY15088L9-mF9MzdefnFWYGcSZS0mNu-0iRLQm8W7dusfwClPW0MnQqBZp2vfLDvxIRu6bSY46D96frDrPKbHGu57_sHaYXGK-ZIbxBLZ2wc3X3FhUIQc7mMXd9AGUPo_Oz_2jyNxpUMiscde4tjiA8ock7Gh6-HcUNsiw5UqwIXPMfVlkp8zBQfoRVBPyNwmNZyhmcJGhJYYYy2ynjRhQCqHoAWrw8VThniI2wKmFwF9OqVAQ-np--Wo
stitch-54.png	https://lh3.googleusercontent.com/aida/AP1WRLsZ2bB-ahCNHFC3CKrqa_AB1KLtPr357v47Hp9-IYZi1DqBJ52rwWzm_5YI9ySWLg6763HjJOkLSP8H9e_gkxQYpe1xKfFdR2KuT7tGc6t2ZByk7DGgucpxKpCY-5lskjsOukCOsVQuZuCGr29sChKiCeuIZgHk8Z-KiGtgsN0vXT-rOAlXxZNdGoG2CWtkIFlYQCOL2Bv02Z0uC2uZYnBG_ZR0Zxymn4jNr7HtvJkTnxyeviOicIP19jU
stitch-55.png	https://lh3.googleusercontent.com/aida/AP1WRLszfU5TDhuLXNroE8RRausi4pMaRJh-u5zI-MOzcEgJqgLexk-D0LQhIT12vB6Ic_ieD1qV46UaOlJnpu_rGsrXl6Hgusv3ozZruOAcGRhhlvSGAxn2R5MGOCG29crAR2A1_aKTL3SixYQpPDxVhvmksnWV8rbqCpifjLXyodElFNVw83kum8MBNt6LBpE_DmCu5ui31u5B4k8i3KQSsVeOsz4FC1xKGPJpZU104d8UBSKdhWn_3bJeJZ4C
stitch-56.png	https://lh3.googleusercontent.com/aida/AP1WRLt_hvgdXi6kTV9crZNQ-tE0BexKjKmTHSreF_JDRgtz2U9X2xmw3g4ClyugeOflNrX32aPYWbQ0ImKw4VGPVcC_s2_TeHh9CkE8ihqhvgqwROeksJ1KPpurNnIcSVoWio8dPuaeWpBm1WL6dvSPGaH4roxE9bxNPv0q8ZojFN9VQJWpIZPLZ29Rll7dwfljblDcSw4i2WOqnl4Ozf1ET2FSObGb23ZPIH3e3H5kMWOLY6awgm174JbI56SZ
stitch-57.png	https://lh3.googleusercontent.com/aida/AP1WRLt58fWzx1uTAa9MWK1zzcDOAqiMfTS6fKnx_J5EzGS8gsGdnz4L-eKeU5Iw_3MUnYIng8dME-XhxduIPQ3xF-32x2VxrikiseN7ySZQ4KgeQNJYEDFuZrPUUgZdE5iP8yC4yOYLzvgYQL5TQlLY8oO8VhQWVvV00G2uxLtTKIugZJB-sbj41DmJf9TEzJOGEua9upveBOkAx0Sf5VQqkqLlMJGxDlnyfdipKbThJPRLhsgSIaF4GsIPvq5-
stitch-58.png	https://lh3.googleusercontent.com/aida/AP1WRLtnnqDP44WHlHJzVQN_AMIZRtVJ7nAObSsv7Fhl8ZIaU0vfVKdenUSQpsnO8UJhIsUmu2AGsyyy8cmoZLgZf7nta4XbmdQDUr8U_DZ1stgR0IPjDUqnG4bfO2UmNX-OLBkS6nSKrKjgOdpX__3LJcsR25t7ospzZ9BmrO5r2CBbyb7CX8oIco5H7p8aW-0tygvShSGRqyaU-ETitcNbaHwPp_7he56OC8twcGC1u7axrvHmRkCHnAOUBZgf
stitch-59.png	https://lh3.googleusercontent.com/aida/AP1WRLtoICmHoZQWOnawNx0LhK4dtKvyKEdk3YG7E9145UhIQSdVXxnOqE8bvX-9AgUzhSjDyoXTqmbQSkc3bJ7nzJKoT96jdi6NHwNnPvhflcJG3VEh9ff3FoBqanWoXPB6KTu7UJ0hnBMJxbEsr_paUoih3ObSGiM-jXtIqXCFqB0ro2BZ3Yb3fyrBgZH20xwJs9I82FDl3cCjNWJ-3_qaw-nVdRMIDqrOYSlY377KU_4e5NlJv_HZ_hy7q2hb
stitch-60.png	https://lh3.googleusercontent.com/aida/AP1WRLu1ST-6z3zYyU-79-_bhU93cQFEtNkgAmk9GOFK8Q9MKbbmmf-KCUTOKnfpvuCB9T1HLDSzKVD1sDShl4OBK4lP-4WJgnjPwCKAyXTjRHvHXiQTFsfrJNoNlFMahTVYAYsr5WhwqrJ1c6mR8HPfcTZxOHT4nmDGe8I5Ynx9GpUIUTmaoFtvA3iOo-EapJof3XGiKHGK3H8RXkadDkldNHlQ22YgT5vRMqQrVPiVsP0AsFkmfzdAitZ5FM0
stitch-61.png	https://lh3.googleusercontent.com/aida/AP1WRLu45MPX0jVCFAC1lvGnms4QlUW-cvcUxXCar2lxX5bzTc9gGcog4QdqXDqCCdvmg89bCvMw_z9tkAsvft7ex3keCdEmht_1wxqN9Ko2fcJcrvjliJJPlfrfCNLjk1RdGjn2EpPZpkIF9gk77OBqDTTchLbR3Z4vFbuWow_7aL-XmAqsO9hyJxUCxgRFHwlDk6dL86l8PCd8u_dJope543Qcq0-4v4G4vsBEPyYmB-bAXB7bOr94c8gWlilk
stitch-62.png	https://lh3.googleusercontent.com/aida/AP1WRLu4M73YvF4pLnwhjhFibsGQGEGYhDRELGhrazrFYqA7tPZx_b21jZMEnaxaNZSflw0AJCzrCZa6D7xZoWt7qn3TMLg0YAMPaecJzm-xSLnA9woHBl_WSQqBwTf7QAf-8mxg4J8XXLj9dC1_jIBi6UVi1EK5HD-stkkpex65meLxVgwloI4phabfih43Yforg6CAFoqz37vPzNfol1kb2pkUNElj2w_lW2dlM-mIP3WJHVTdY-E6qgePQBZS
stitch-63.png	https://lh3.googleusercontent.com/aida/AP1WRLuj5Y3YP8bdedPB6iypztCHGjU7AfWqkf6p5dMTavPQ1Na_iuLLGHH-XD-ZWZAJHkintM3D4aFHA8vkhCC5qv6qdWt_pfGBJ8UIXpvcjMvjFFUclIAYgWmwxF-dy0AiyawNsLiCB2z8OQhpIcyVhw66Nltv_28Fsr416n6_h4k6xQb13zTuuJZo1bgXuntvS_r2sGEJuLf7qv_BGvWPnUipvBuB0XcAtmAQnbaSxJsTWqgFLuF6lpdna7UM
stitch-64.png	https://lh3.googleusercontent.com/aida/AP1WRLukaxk6KlDbLcMDDHpr4ptGKbINxVjaOoAk8mOJl8iI1Fao89fWOkZQfXiW2DrGSiDtyL4jo5s49nM6Ghf_bBHFOrUo8sS4jO3oomEK9Jkoiev5AifB8AL6S3sebGX7C-7jZrizcq6tFupSSXVJzXg3llq8pTSRJohih9axilrH-st9GdbsRaOn_LntL2cf1G9kNF3bxNPG-L3B9OyTTXZO-jq_DtsXL-K0HNEoHLAfcQzheMT-YYEdyeYk
stitch-65.png	https://lh3.googleusercontent.com/aida/AP1WRLuOYavgE9owlxKQtpUDtOJyEwIKpNz6VFkuOv2igby8M9CT2HNQJKhSARameRHpJ1LZCqoYpTpjULHPTKMxx0hz_IaSZSnhfgRy1Mc_Nkxu7gxHRO_V6gJ-htXvvN7DThBS-UTKFb5-eu_mM_B4pEbXLvhseRs7gIHdzcscoRiokNyvQaIuvDVdk_GIjHx_rIB3GLqXoUJiMZxrYUt8JgkGu1VYbSzKQIJnoUQGwhuN_ee48RK30EXkVBbU
stitch-66.png	https://lh3.googleusercontent.com/aida/AP1WRLuR3o6yXmz-hqouSx7ps302JFVIh7a08yUUPJC5Y2w6SNTIeNCp0YybUgx-uLL5YohEVIVHgCVqMlB7KpF2JFJWS__bFroqyMIVBW78PMigeGpgKGI0pb5BG9z87Qtaoeo7luy_Nog7Z6n2yL2s2hBB6vq5hT-7JoSPY_h_RZA1hnGSklFAKhBFg33fmQgZXoAesp7FAy0goDsA05GM_bbg64Fd8INXLcCPx2ZF5nz2KBxBTNOgWl-9Hgr5
stitch-67.png	https://lh3.googleusercontent.com/aida/AP1WRLuzxMQlM2-_H6rKIXV0FKD8SESFwcVPyEVEKiS2dNYFVy7XccvwCzWBW0IIAwOGjyl4IghjxIh98amLtVZ41GYpdLO4CnafH90F31oaKb7YscPYguwu2wkqoup5dd5_nnx5OQo2gVNanc6ZJ3428pEiMu7-Zb2ZMmwGPjyV4pNsnNr3FW3ECFEHAQ2Sp33QehcpvXQqnTWoT6BKAghEs4YoSJNOl5JactwMKK41MPGInwYNd5SY1pG0v4c
stitch-68.png	https://lh3.googleusercontent.com/aida/AP1WRLv6V3Z1VLdXMGDSITUJzw3k-rlX-GrSvpwVUlKDa3xF_TFOpDHRfj65AhiBBNdHZDTpjH93izOBKsqo9-vUSLA506fU8mCn_3KYCN5yY6g3zU9CGpU-9iIkGKFSxW7v_bIHr1DFvdbwfzJ4TWzB2Zb7WxGIwyFPYuE9bVP93dUo-qT22p1V79ibVtF3o-paquyqpKD8Wv85ii68DShsVxo3qbT3CASyyrKKGfOYD3COdhwxQfUQkcjqyv2U
stitch-69.png	https://lh3.googleusercontent.com/aida/AP1WRLvEKKoJLqgC866tYRiKoVSaBlbSPQWWg-5XtxNJOA_8iU_GgesG8nvEMTPysrx37f2BJNk6l3AlU-xea3V2rH59IjlVfqrT7g7rlN7ZOBuhDcYrsG9S9s4VsVwe42jX8982L5H8me3AleZksDzsUvBGslXdYfmajZ37B6giDgCV_IUSvp7CDhJ-HbRcJk_d1nVbc2V8c-6ZSdN2oY1kmxAx4PjUN3mDhamZqzrp3HbgjkEByN5e-7QPrF-i
stitch-70.png	https://lh3.googleusercontent.com/aida/AP1WRLveuilVPrzyh5fVxxP10hPP8ERUHTeGXkn9L1iaFEIlbFk6AaGGpnFcRHxcjPsuCBX1_xeROKuXhyljRUdZhiX7l6iJpqLT_Lpgv6axVq-DfCyt6CttHGQ937qN3d6fJMYhUluDuH2TcvdAPX9XzfidyLlAdsPqQNW4FVjQ8eeOuLxGRMlmlOxLm1Om_4ltcw2yez8SfJoX1kWXVNcbxGZaIlUd2sIfFXSdX9jhUZnIUOXM1mhy-twgvyqv
stitch-71.png	https://lh3.googleusercontent.com/aida/AP1WRLvGtBTIs5Z_s6JXXjT2DT_tazCITIyE5UKQd0dAzD3GxOKNB3vav-e1p2VLX1l6QS5_NOxNFqIps5nEUFideui-LearMfiypNVILnAEo5Gi7M_Ms7xLKQnDYdveXrvmhxXSHoFridLPIpyTdQP9lDGXzWSitFYtfULYQWgxUJBeb_1UdcaveHQ73sIn3udf16m8FxQe9rGvUCGU4HtfTgJ_T7s-z_berLRa6yhp2jvqoM1OtIrxj5R5GBRI
stitch-72.png	https://lh3.googleusercontent.com/aida/AP1WRLvKRWEy1IzsfO8EkS7MI4GdJbYCX-1t0uXwZamCyeShqI2QoYPBpnwNsFfBRtzD7WPQLLQFldrD4xGR6cMyRilGZ0pA5T95UyzkVc_CfmbRXlpDTNEcvXZUERi8A4XK2tcD8pg7APcHR7CDsoci4YvriDEzjMNbJL6CEwVgXc2XixxA63hiQT4cOdDbMFoElDBLyGObGQ8Hm6pJKccpDeSekoFhK6WDxyVZ4o-VfAtdNe6Kyzv7HF5qRsM
stitch-73.png	https://lh3.googleusercontent.com/aida/AP1WRLvOQf8Np3fKjWZ_nOAboQtI9L8Ba3OrSmTaP9ZxsRB2hOdLFhPeiGQopMilfDSMAOEcc0UAYgoamHYLmKhmWSyPm7mNd_6eP5gywDSdbK_yy40s1SZFFaHOvKsFWjXWOfXM1NQiCMzg5D_GiXmqcXigW2ngr4FrNgnGdbzRa0LeoBe4H4mbzodxEwJO5x1Wj7052-ZNCxNGopjbPFGRymnaO2Lry513tzPExB5HDKAWrv8bDy2mU-JDJYDl
stitch-74.png	https://lh3.googleusercontent.com/aida/AP1WRLvQ7Ar5Bn2tdhnyi-d-9E_ZV7mfZcABmpgduMyBxjfSPKqGA-VBNj7MMegb5xgivxr1Ehrwynlk0uC2eZCTKuwA2ydbzdEpkslC7VqG2HYgehBZcJzAD1st9UKDdoSYcsnSXfbFoiecU0ETxfLHUPoOr1EMdCmuFvG1229HoPhgfkyphsMEGHIjnT6rR0UbwChqdJLnOhYwy4oWUtUSyXp2OzSByC6eKDAydPBnkp_22ifGn1Yi18KwyyIQ
